filename,predicted_class,predicted_label,confidence,prob_cat,prob_dog
cat.4001.jpg,0,cat,0.9999948740005493,0.9999948740005493,5.077825790067436e-06
cat.4002.jpg,0,cat,0.994030237197876,0.994030237197876,0.005969788879156113
cat.4003.jpg,0,cat,1.0,1.0,5.7052158136672304e-11
dog.4635.jpg,1,dog,0.9995518326759338,0.00044814040302298963,0.9995518326759338
dog.4636.jpg,1,dog,0.9999604225158691,3.9519880374427885e-05,0.9999604225158691
dog.4637.jpg,1,dog,0.9999700784683228,2.987333937198855e-05,0.9999700784683228
